ROLL NUMBER,Q1 (5),Q2 (5),Q3 (5),Q4 (5),Q5 (5),Q6 (5),Q7 (5),Q8 (5),Q9 (5),Q10 (5),Q11 (5),Q12 (5),Top 9 (out of 45),Total Marks(x/30)
102003733,0,0,0,0,0,0,3,5,0,0,0,4,12,8.0
102203002,5,0,4,4,4,4,4,3,5,5,5,3,40,26.7
102203003,5,4,4,4,4,5,4,3,4,5,4,2,39,26.0
102203005,0,0,0,0,3,5,3,4,4,5,5,0,29,19.3
102203007,0,0,0,5,4,3,3,5,3,5,5,3,36,24.0
102203008,3,3,5,4,1,4,3,4,5,4,5,5,39,26.0
102203012,0,3,4,4,3,5,4,5,4,5,4,5,40,26.7
102203013,5,2,4,5,4,2,3,2,5,5,5,2,38,25.3
102203014,5,3,4,5,2,5,2,3,5,5,4,4,40,26.7
102203015,5,3,0,0,3,3,5,4,5,5,4,0,37,24.7
102203017,3,2,5,4,3,5,3,4,5,5,5,3,39,26.0
102203020,4,5,4,5,5,4,5,4,5,5,5,5,44,29.3
102203021,5,2,5,4,4,5,5,4,5,5,5,4,43,28.7
102203022,0,0,0,0,0,0,0,0,0,0,0,0,0,0.0
102203023,5,0,0,5,0,0,4,3,4,0,4,4,29,19.3
102203025,5,2,5,4,2,5,3,4,4,5,5,4,41,27.3
102203026,5,3,4,3,1,2,5,3,3,3,2,1,31,20.7
102203028,4,2,4,5,4,4,4,4,5,4,5,0,39,26.0
102203030,5,3,5,5,3,4,3,4,5,5,4,2,40,26.7
102203031,5,4,4,4,4,4,5,5,5,5,5,5,43,28.7
102203032,4,2,4,5,3,5,5,5,5,5,5,5,44,29.3
102203034,5,0,4,4,3,4,1,4,5,5,4,5,40,26.7
102203035,5,2,4,5,2,4,3,4,5,0,5,5,40,26.7
102203037,5,4,5,3,4,4,4,5,5,4,5,5,42,28.0
102203039,3,4,3,4,4,5,2,4,0,5,0,5,37,24.7
102203040,4,1,3,4,0,3,4,3,4,2,5,3,33,22.0
102203041,5,5,5,4,2,4,5,5,5,5,5,0,44,29.3
102203042,4,0,4,5,4,5,4,4,5,5,4,4,40,26.7
102203043,4,4,5,5,3,3,0,4,3,5,4,5,39,26.0
102203045,4,4,0,4,4,4,4,5,5,5,4,5,40,26.7
102203046,5,4,3,5,4,4,4,3,5,5,5,4,41,27.3
102203047,0,3,4,4,2,5,3,0,5,5,5,4,38,25.3
102203049,5,4,4,4,3,4,4,3,5,5,5,5,41,27.3
102203051,5,3,5,4,4,5,5,4,4,5,5,5,43,28.7
102203052,4,1,4,0,4,4,4,4,5,5,5,3,39,26.0
102203055,5,4,4,4,5,4,4,4,5,5,4,5,41,27.3
102203056,0,4,4,4,0,0,1,4,0,5,0,0,22,14.7
102203057,0,3,4,4,3,4,4,3,5,5,5,2,37,24.7
102203058,5,3,3,4,3,5,4,4,0,5,0,2,36,24.0
102203059,5,2,4,4,4,4,5,4,4,5,4,5,40,26.7
102203061,5,2,5,5,2,5,4,4,3,5,5,5,43,28.7
102203063,5,3,5,5,4,5,4,5,5,5,5,5,45,30.0
102203064,2,3,0,5,3,2,5,4,4,4,4,5,37,24.7
102203065,0,0,5,4,2,5,0,3,5,0,4,2,30,20.0
102203066,4,2,3,5,1,5,4,4,5,5,5,5,42,28.0
102203067,5,4,5,0,4,5,5,5,5,5,5,5,45,30.0
102203069,5,4,5,5,3,4,4,3,5,5,4,4,41,27.3
102203070,5,3,4,4,3,5,4,3,5,0,4,5,39,26.0
102203071,0,0,0,5,4,5,5,0,0,0,0,0,19,12.7
102203074,0,0,5,4,4,5,5,4,5,3,5,4,41,27.3
102203076,5,3,3,5,3,4,3,3,5,4,5,1,37,24.7
102203077,3,4,5,5,2,4,4,4,4,5,5,5,41,27.3
102203078,5,3,0,5,4,5,3,5,5,5,5,5,44,29.3
102203084,4,4,5,5,4,5,3,5,5,4,5,5,43,28.7
102203090,5,4,5,4,4,5,4,0,5,5,5,2,42,28.0
102203091,2,3,4,4,4,4,4,3,3,5,4,5,37,24.7
102203093,5,3,5,4,5,5,1,3,5,5,5,4,43,28.7
102203094,4,2,5,4,3,5,3,3,3,5,3,5,37,24.7
102203095,5,3,4,5,5,3,4,3,5,5,5,5,43,28.7
102203096,4,4,0,4,5,5,5,4,5,5,5,3,42,28.0
102203097,0,4,5,0,3,5,0,4,5,5,4,0,35,23.3
102203098,5,3,3,5,4,4,4,5,5,5,5,3,42,28.0
102203099,5,3,5,5,5,2,4,5,5,5,5,5,45,30.0
102203100,5,3,5,4,3,3,3,4,5,5,4,5,40,26.7
102203101,4,3,5,5,3,5,4,3,5,5,5,5,43,28.7
102203104,5,4,5,5,4,4,4,3,5,4,4,4,40,26.7
102203105,4,4,3,4,4,2,0,0,4,5,5,5,38,25.3
102203108,5,3,3,5,4,4,4,4,5,5,5,5,42,28.0
102203109,3,3,5,4,4,5,5,5,4,5,5,5,43,28.7
102203110,5,3,4,5,5,5,4,5,0,5,0,0,41,27.3
102203111,5,5,4,4,3,5,5,4,4,5,3,5,42,28.0
102203114,5,0,0,0,3,4,0,4,5,5,5,3,34,22.7
102203117,4,2,0,3,4,5,4,4,5,5,5,4,40,26.7
102203120,5,0,0,5,4,2,2,4,5,5,5,5,40,26.7
102203121,4,4,5,5,4,4,5,5,5,0,5,5,43,28.7
102203122,5,3,4,5,3,5,4,5,4,0,5,5,42,28.0
102203126,5,2,4,5,5,5,4,5,5,5,4,5,44,29.3
102203127,0,2,3,4,4,4,5,4,5,5,5,5,41,27.3
102203129,5,4,3,4,3,5,3,4,5,5,4,4,40,26.7
102203130,5,4,4,4,1,4,2,2,5,5,5,3,39,26.0
102203131,3,0,4,4,1,5,0,5,5,5,5,2,38,25.3
102203134,3,3,3,4,4,3,3,3,5,5,3,2,33,22.0
102203135,4,4,4,5,4,3,4,2,5,5,5,5,41,27.3
102203139,5,5,5,5,2,4,4,5,4,5,5,4,43,28.7
102203140,2,2,4,5,2,4,5,2,2,0,4,4,32,21.3
102203142,5,4,4,5,3,3,5,4,5,5,5,5,43,28.7
102203150,5,2,4,5,4,5,0,0,0,5,0,0,30,20.0
102203151,5,4,5,5,3,5,5,5,5,5,5,5,45,30.0
102203152,4,4,5,5,3,4,3,4,4,5,5,5,41,27.3
102203155,5,3,4,5,2,5,5,5,5,5,5,5,45,30.0
102203156,0,4,4,4,4,5,5,3,5,5,5,3,41,27.3
102203157,3,4,5,5,2,5,3,4,4,5,4,5,41,27.3
102203158,5,3,4,3,1,5,4,4,5,5,5,5,42,28.0
102203159,5,0,3,4,3,4,3,5,5,5,5,2,39,26.0
102203160,0,4,4,5,3,5,4,5,0,5,1,5,40,26.7
102203161,4,2,4,5,4,4,2,4,5,5,4,5,40,26.7
102203163,4,4,4,3,3,3,2,3,2,5,4,5,35,23.3
102203164,5,4,5,5,4,5,4,5,5,0,5,5,44,29.3
102203166,4,5,4,5,2,4,5,4,5,5,5,5,43,28.7
102203167,4,4,0,0,3,5,3,3,5,5,5,5,39,26.0
102203170,0,0,4,5,5,4,0,0,5,5,5,5,38,25.3
102203172,3,0,4,5,4,5,4,0,5,5,5,5,42,28.0
102203173,5,2,5,4,4,4,4,3,5,5,5,4,41,27.3
102203175,3,3,5,4,5,5,4,4,5,5,5,5,43,28.7
102203177,4,3,4,5,3,4,2,5,0,5,0,0,35,23.3
102203179,3,3,5,5,3,2,4,3,5,5,5,5,40,26.7
102203181,4,2,4,5,2,5,3,4,4,5,5,0,39,26.0
102203183,4,4,4,3,4,4,4,4,4,4,5,4,37,24.7
102203184,0,2,4,5,5,4,4,5,4,5,4,3,40,26.7
102203187,5,0,4,4,4,4,2,5,5,5,5,0,41,27.3
102203188,5,3,3,4,2,4,4,4,5,5,5,0,39,26.0
102203190,5,4,3,0,4,4,4,0,5,5,5,5,41,27.3
102203191,5,2,4,5,3,5,4,3,5,5,5,5,43,28.7
102203192,0,0,0,0,4,4,0,0,5,4,5,5,27,18.0
102203193,2,3,4,5,4,5,4,4,5,5,5,4,41,27.3
102203194,5,3,4,5,5,4,5,4,5,4,4,5,42,28.0
102203195,5,4,5,4,4,4,0,3,5,5,5,5,42,28.0
102203197,5,2,3,4,3,4,5,4,4,5,4,5,40,26.7
102203198,5,3,2,3,3,5,4,4,5,5,5,5,41,27.3
102203200,0,4,3,4,3,5,3,5,5,5,5,5,41,27.3
102203205,5,5,5,5,3,5,3,4,5,5,5,5,45,30.0
102203207,5,3,4,5,2,4,3,4,5,5,5,5,42,28.0
102203208,5,4,5,4,4,5,3,3,5,5,5,3,42,28.0
102203211,3,4,5,5,3,4,4,4,3,5,5,5,41,27.3
102203262,5,0,3,5,3,5,5,3,5,5,4,5,42,28.0
102203315,4,3,3,4,5,5,0,0,0,5,0,4,33,22.0
102203354,5,0,5,4,3,5,5,4,5,5,4,4,42,28.0
102203402,4,5,5,4,2,4,2,5,5,5,5,2,42,28.0
102203530,0,0,0,0,0,0,0,0,0,0,0,0,0,0.0
102203541,5,0,4,4,3,4,3,4,5,5,5,0,39,26.0
102203574,0,0,0,4,4,4,0,4,5,5,5,5,36,24.0
102203651,4,0,5,4,5,5,4,2,5,5,5,0,42,28.0
102203745,5,0,5,4,3,5,4,4,5,5,4,5,42,28.0
102203757,4,0,2,4,3,5,0,0,5,5,5,5,38,25.3
102203787,0,0,2,5,2,4,3,3,4,5,3,3,32,21.3
102203889,0,0,0,0,0,0,0,3,3,5,5,3,19,12.7
102203894,5,5,5,4,4,5,3,4,5,4,4,5,42,28.0
102203959,4,0,5,5,5,4,3,5,4,0,5,3,40,26.7
102203961,5,2,4,5,4,4,3,4,5,5,5,5,42,28.0
102203962,5,3,4,4,4,4,5,5,5,5,5,5,43,28.7
102203963,5,0,3,5,3,5,0,0,4,5,5,3,38,25.3
102213016,5,3,3,4,4,5,4,5,5,5,4,4,41,27.3
102213027,5,3,4,5,3,4,4,5,5,5,2,4,41,27.3
102213028,0,2,4,5,4,5,5,4,4,5,5,5,42,28.0
102253016,0,0,0,5,2,5,0,3,5,5,5,3,33,22.0
102383002,4,1,4,4,4,5,3,4,5,5,4,4,39,26.0
102383003,5,2,5,5,3,5,5,4,5,0,5,0,42,28.0
102383004,5,5,5,5,3,5,5,3,5,5,5,5,45,30.0
102383005,5,5,4,0,4,5,4,3,4,5,4,4,40,26.7
102383006,5,4,5,4,3,5,0,4,5,5,4,5,42,28.0
102383014,5,4,5,2,1,4,5,3,4,5,5,5,42,28.0
102103120,0,0,4,5,2,3,0,4,5,4,5,2,34,22.7
102203138,4,3,0,4,2,4,5,3,0,0,5,4,34,22.7
102203176,5,2,0,5,4,4,4,5,5,5,0,5,42,28.0
102203202,5,4,5,4,2,2,3,2,5,5,4,5,40,26.7
102203206,0,0,0,0,2,5,4,4,4,5,5,2,31,20.7
102203213,5,4,5,4,5,3,5,3,5,5,4,5,43,28.7
102203214,2,1,4,2,3,2,2,5,2,3,0,3,26,17.3
102203216,5,1,4,3,4,2,3,5,4,5,5,5,40,26.7
102203220,5,3,5,4,2,3,3,5,5,3,5,5,40,26.7
102203222,5,2,5,5,5,4,4,5,5,4,4,4,42,28.0
102203223,5,3,5,5,3,5,5,4,5,5,4,5,44,29.3
102203225,2,3,4,3,5,1,3,5,4,5,5,0,37,24.7
102203226,5,4,4,5,4,4,4,5,4,0,5,4,40,26.7
102203229,3,3,5,4,3,4,4,0,5,3,5,5,38,25.3
102203232,3,4,4,5,3,3,2,3,4,4,5,3,35,23.3
102203233,0,0,0,0,0,0,0,0,0,0,0,0,0,0.0
102203234,5,4,5,5,3,3,5,3,5,5,5,5,44,29.3
102203235,3,1,4,4,4,3,3,5,5,5,0,5,38,25.3
102203236,5,4,5,4,3,5,3,0,5,4,4,5,41,27.3
102203238,5,2,4,5,3,3,3,5,5,5,5,5,42,28.0
102203240,5,4,3,3,4,3,4,0,4,5,0,0,35,23.3
102203241,2,2,2,5,2,5,5,2,5,5,5,2,36,24.0
102203242,5,2,5,4,0,5,4,5,5,5,5,4,43,28.7
102203243,4,0,0,0,0,0,0,0,0,0,0,0,4,2.7
102203244,4,2,3,4,5,2,3,4,5,0,4,5,37,24.7
102203246,4,3,4,3,4,4,5,0,0,5,5,0,37,24.7
102203248,5,3,2,0,0,4,4,0,5,0,3,4,30,20.0
102203250,5,1,4,5,3,5,4,5,5,0,4,4,41,27.3
102203252,5,3,5,4,3,3,4,4,5,0,5,5,40,26.7
102203253,2,3,0,0,3,4,0,4,5,3,5,0,29,19.3
102203254,5,0,0,3,4,3,3,4,2,0,5,2,31,20.7
102203255,4,2,2,0,3,2,4,0,5,5,5,5,35,23.3
102203256,4,1,2,2,0,0,3,3,5,5,5,2,31,20.7
102203259,4,4,3,4,5,4,5,4,5,5,5,5,42,28.0
102203260,4,3,2,5,4,5,2,4,4,0,3,5,37,24.7
102203263,3,3,4,5,3,4,4,3,5,4,5,4,38,25.3
102203265,3,1,3,5,4,2,0,4,0,0,4,2,28,18.7
102203266,5,1,4,0,4,0,3,5,5,5,5,4,40,26.7
102203267,4,2,4,0,5,4,4,4,0,1,5,0,33,22.0
102203270,4,5,0,4,3,4,2,0,5,4,5,2,36,24.0
102203272,5,2,4,4,3,2,4,5,4,5,5,5,41,27.3
102203273,3,1,4,3,2,4,4,0,3,3,4,2,30,20.0
102203274,5,0,3,5,4,5,0,4,4,0,0,3,33,22.0
102203275,4,4,3,5,2,5,2,4,5,5,5,5,42,28.0
102203278,0,0,0,0,0,0,0,0,0,0,0,0,0,0.0
102203280,5,5,5,5,3,3,4,4,3,3,5,5,41,27.3
102203283,3,2,5,5,3,2,0,3,5,4,5,2,35,23.3
102203284,3,1,5,5,4,4,4,5,4,2,5,5,41,27.3
102203285,5,2,3,5,3,4,4,0,5,3,0,4,36,24.0
102203288,4,0,0,2,2,4,5,3,3,5,5,4,35,23.3
102203289,0,3,4,3,4,4,4,4,0,0,0,5,31,20.7
102203291,5,3,3,4,0,0,4,4,5,4,4,4,37,24.7
102203292,5,5,4,4,0,0,5,5,5,5,5,5,44,29.3
102203293,5,1,5,5,4,3,2,5,4,4,5,3,40,26.7
102203295,2,1,2,3,2,3,1,4,3,0,5,3,27,18.0
102203299,5,4,5,4,4,2,5,4,5,5,4,5,42,28.0
102203301,5,3,3,2,1,5,3,4,5,5,4,5,39,26.0
102203303,5,2,4,4,0,0,4,4,5,5,5,5,41,27.3
102203304,0,4,0,4,3,3,3,3,0,4,5,5,34,22.7
102203305,4,4,5,3,3,1,4,5,5,0,5,0,38,25.3
102203307,0,2,3,0,4,4,5,5,5,5,5,2,38,25.3
102203308,0,0,0,0,0,0,0,0,0,0,0,0,0,0.0
102203309,5,3,5,4,3,3,4,4,5,3,5,4,39,26.0
102203310,3,5,4,4,3,5,5,5,4,4,5,5,42,28.0
102203312,0,0,3,4,3,2,5,3,4,0,0,3,27,18.0
102203313,4,5,4,0,2,4,2,5,5,4,5,5,41,27.3
102203314,0,5,5,5,4,4,1,5,0,0,5,5,39,26.0
102203317,4,1,4,5,2,2,2,4,5,1,5,4,35,23.3
102203321,0,4,5,4,4,2,4,4,5,5,5,5,41,27.3
102203322,0,0,0,4,3,4,4,4,5,4,5,5,38,25.3
102203325,5,3,5,4,2,5,4,4,5,0,5,5,42,28.0
102203326,0,0,0,0,0,0,2,5,5,5,0,4,21,14.0
102203329,3,0,5,4,3,2,3,3,2,3,0,4,30,20.0
102203331,5,3,3,2,4,2,0,0,5,4,5,5,36,24.0
102203332,4,5,0,4,2,3,5,2,5,0,5,3,36,24.0
102203334,5,3,0,5,3,3,5,0,2,3,3,0,32,21.3
102203335,5,0,3,0,4,2,3,3,4,0,2,3,29,19.3
102203337,5,2,5,4,4,4,5,4,0,5,5,3,41,27.3
102203338,4,5,5,5,0,0,3,3,4,3,3,4,36,24.0
102203339,3,2,0,4,4,0,3,3,1,2,4,2,27,18.0
102203341,3,0,4,0,2,4,0,5,0,1,0,3,22,14.7
102203343,4,0,4,0,0,3,4,4,4,5,5,4,37,24.7
102203344,4,1,4,4,4,4,4,2,5,5,5,5,40,26.7
102203345,2,1,2,5,0,0,3,4,5,5,5,4,35,23.3
102203348,5,5,3,4,2,2,4,2,4,5,5,5,40,26.7
102203349,0,0,4,5,0,0,5,4,5,0,5,3,31,20.7
102203350,0,1,5,4,4,3,3,5,4,5,5,4,39,26.0
102203351,3,0,0,4,5,2,4,2,1,4,5,2,31,20.7
102203352,5,2,2,2,5,2,3,3,5,5,5,3,36,24.0
102203353,3,5,5,4,4,3,3,5,5,4,4,5,41,27.3
102203356,5,4,4,5,3,3,4,0,5,5,4,5,41,27.3
102203358,5,0,3,3,5,4,2,5,2,4,5,5,39,26.0
102203359,5,4,5,4,5,4,0,4,5,5,5,2,42,28.0
102203362,5,4,3,5,5,5,5,4,4,5,4,0,42,28.0
102203363,5,0,4,5,2,4,4,0,5,5,5,3,40,26.7
102203365,0,3,4,0,3,4,4,3,0,0,0,5,26,17.3
102203366,5,4,5,5,3,4,5,4,4,5,5,5,43,28.7
102203369,5,3,4,4,3,5,4,4,5,3,5,4,40,26.7
102203371,3,0,4,4,2,4,3,4,4,0,5,2,33,22.0
102203372,4,0,3,0,3,2,0,3,3,4,5,4,31,20.7
102203375,4,5,5,5,4,4,5,5,5,4,5,5,44,29.3
102203376,5,4,4,5,4,3,4,4,5,4,5,5,41,27.3
102203378,4,2,3,4,3,4,5,4,5,5,5,5,41,27.3
102203379,4,2,3,4,3,3,4,0,4,5,5,4,36,24.0
102203380,5,2,3,4,4,5,4,5,4,5,5,5,42,28.0
102203383,4,3,4,3,4,4,3,4,4,5,4,2,36,24.0
102203384,4,5,0,5,4,2,4,4,5,5,4,5,41,27.3
102203386,5,3,3,4,3,5,4,3,4,5,5,5,40,26.7
102203387,5,3,0,4,5,4,0,4,5,0,5,4,39,26.0
102203393,5,4,5,5,5,3,4,4,4,4,5,5,42,28.0
102203395,4,1,3,4,2,2,0,0,5,4,5,5,34,22.7
102203397,5,3,4,5,2,4,5,3,5,4,4,0,39,26.0
102203400,4,4,5,4,5,4,4,4,4,5,0,5,40,26.7
102203403,4,4,0,4,3,2,3,3,5,2,5,0,33,22.0
102203405,5,4,4,5,4,4,3,0,5,4,5,4,40,26.7
102203408,5,2,0,4,3,2,3,4,0,0,0,0,23,15.3
102203409,4,2,4,5,3,4,3,3,5,5,5,5,40,26.7
102203413,5,0,5,4,3,5,4,5,5,0,0,5,41,27.3
102203414,4,2,4,4,3,4,3,5,5,5,5,4,40,26.7
102203415,4,5,3,4,5,5,3,2,3,4,4,4,38,25.3
102203416,2,2,3,4,4,1,4,4,4,5,5,5,38,25.3
102203419,2,3,4,3,2,3,3,3,4,4,5,4,33,22.0
102203420,4,2,0,2,3,2,0,4,4,4,5,0,30,20.0
102203421,3,4,0,4,0,0,4,0,5,4,5,5,34,22.7
102203423,0,2,2,5,4,5,3,3,4,5,0,5,36,24.0
102203424,0,1,5,5,4,4,4,4,5,5,5,4,41,27.3
102203428,5,4,4,5,4,5,4,0,5,0,5,0,41,27.3
102203429,4,5,4,4,2,2,5,4,5,4,5,2,40,26.7
102203430,3,2,4,5,5,4,0,5,5,5,5,0,41,27.3
102203431,4,2,4,4,3,4,4,5,5,5,0,2,38,25.3
102203436,5,1,5,3,4,4,5,4,4,2,4,0,38,25.3
102203437,5,3,4,3,3,3,4,0,5,3,5,0,35,23.3
102203438,4,4,4,3,2,4,3,2,4,3,5,2,34,22.7
102203491,0,2,2,4,2,4,3,3,0,2,5,2,27,18.0
102203718,5,2,3,4,3,4,4,4,5,5,5,5,41,27.3
102203789,4,4,5,4,1,4,4,5,0,5,3,5,40,26.7
102203823,2,2,5,3,5,2,3,5,5,5,5,4,40,26.7
102203915,4,1,4,5,0,3,4,3,5,5,4,5,39,26.0
102203965,5,3,4,4,0,0,2,3,5,5,5,5,39,26.0
102203966,3,3,0,4,4,5,5,0,4,4,5,5,39,26.0
102203969,0,2,0,5,4,3,4,4,5,5,5,5,40,26.7
102203970,3,1,4,4,5,5,4,4,4,0,5,5,40,26.7
102253001,4,3,5,4,2,5,2,0,5,5,4,5,40,26.7
102383007,5,3,5,4,4,5,3,3,5,5,4,5,42,28.0
102383009,0,3,2,4,2,3,5,3,0,5,5,5,35,23.3
102383011,5,3,4,5,4,5,0,5,5,0,5,3,41,27.3
102383012,4,5,3,4,4,3,5,5,5,4,5,0,41,27.3
102383013,4,0,4,4,4,4,2,4,5,5,5,4,39,26.0
102383015,4,3,4,5,3,5,5,4,4,4,4,5,40,26.7
102383016,0,2,4,4,2,4,4,5,5,5,4,5,40,26.7
102383055,0,1,0,2,4,0,2,1,5,4,5,4,28,18.7
102103383,0,0,0,0,0,0,3,4,5,4,4,4,24,16.0
102103516,0,0,0,0,0,0,4,3,0,0,0,0,7,4.7
102103783,0,0,4,1,2,4,5,4,5,5,4,4,37,24.7
102203001,4,4,5,4,4,5,5,2,5,5,5,5,43,28.7
102203106,5,5,5,5,3,5,4,5,5,5,4,5,45,30.0
102203116,4,4,3,0,0,5,4,5,5,5,5,4,41,27.3
102203228,0,0,4,5,3,3,0,0,4,5,0,0,24,16.0
102203327,5,5,5,0,3,4,4,3,4,5,4,3,39,26.0
102203357,2,2,4,0,4,0,0,4,5,5,0,0,26,17.3
102203388,5,5,1,3,0,4,4,5,2,5,4,5,40,26.7
102203411,0,0,3,1,2,4,2,4,5,4,5,5,34,22.7
102203425,5,5,5,4,4,0,3,4,4,5,5,5,42,28.0
102203439,5,5,5,4,3,5,4,3,5,4,4,5,42,28.0
102203440,5,5,5,5,5,5,3,4,5,5,5,5,45,30.0
102203441,4,4,4,5,4,4,5,5,5,4,0,0,40,26.7
102203446,5,5,5,4,2,5,4,3,4,5,5,5,43,28.7
102203448,5,5,5,4,2,5,2,4,3,4,5,5,42,28.0
102203449,5,5,3,3,5,5,5,4,5,5,5,5,45,30.0
102203450,5,5,5,4,5,4,3,4,5,5,4,4,42,28.0
102203451,5,5,5,5,3,5,4,4,4,5,5,5,44,29.3
102203455,2,2,5,5,4,4,5,3,5,4,4,4,40,26.7
102203456,4,4,5,5,3,4,2,5,4,5,5,5,42,28.0
102203457,5,5,0,5,2,4,2,5,5,5,5,3,42,28.0
102203459,4,4,2,5,0,3,3,4,5,4,5,2,37,24.7
102203461,5,5,3,5,4,5,4,4,4,5,5,5,43,28.7
102203462,5,5,4,5,4,3,4,4,5,5,5,5,43,28.7
102203466,5,5,0,4,2,5,3,4,5,5,5,5,43,28.7
102203468,3,3,4,4,2,3,0,3,5,5,5,2,35,23.3
102203469,5,5,4,5,4,5,0,0,5,4,4,5,42,28.0
102203470,5,5,5,5,4,0,2,3,5,4,5,5,43,28.7
102203475,4,4,4,4,4,0,1,4,5,5,5,3,39,26.0
102203476,3,3,4,0,0,0,0,0,0,3,4,5,22,14.7
102203478,5,5,3,5,0,5,0,0,5,2,4,5,39,26.0
102203479,4,4,5,4,1,5,0,5,4,4,5,5,41,27.3
102203480,5,5,4,4,4,5,5,3,4,5,5,5,43,28.7
102203482,4,4,0,0,1,5,0,5,5,5,5,5,39,26.0
102203483,3,3,1,4,5,4,5,5,4,5,5,5,42,28.0
102203488,5,5,3,5,5,4,4,4,5,5,5,5,44,29.3
102203490,0,0,4,0,2,0,0,0,5,4,0,0,15,10.0
102203492,5,5,5,4,4,4,3,4,4,4,4,1,39,26.0
102203494,3,3,3,5,4,2,3,3,5,5,0,4,35,23.3
102203495,5,5,3,4,5,4,5,3,5,5,5,5,44,29.3
102203496,5,5,5,4,3,5,4,5,4,5,5,5,44,29.3
102203497,5,5,1,5,4,4,3,2,5,5,5,5,43,28.7
102203502,5,5,0,0,0,4,0,0,0,0,0,3,17,11.3
102203504,4,4,3,5,5,5,4,5,5,4,5,5,43,28.7
102203505,5,5,4,5,4,5,4,4,5,5,5,5,44,29.3
102203506,0,0,4,3,4,5,4,4,5,5,5,5,41,27.3
102203507,5,5,3,4,3,4,4,4,5,5,4,5,41,27.3
102203508,5,5,5,5,4,0,2,4,5,5,5,5,44,29.3
102203510,4,4,5,5,5,5,3,5,5,5,4,5,44,29.3
102203513,5,5,5,3,2,0,5,3,4,5,5,5,42,28.0
102203522,4,4,5,0,5,4,4,5,5,5,5,5,43,28.7
102203523,5,5,4,5,4,4,4,3,5,5,5,4,42,28.0
102203525,5,5,4,4,4,4,2,4,5,5,5,5,42,28.0
102203526,5,5,4,5,3,4,4,4,5,5,5,5,43,28.7
102203528,5,5,4,3,0,3,4,5,5,5,5,5,43,28.7
102203531,5,5,5,5,4,4,5,4,5,5,5,5,45,30.0
102203532,4,4,5,3,3,5,4,5,5,5,4,5,42,28.0
102203533,5,5,5,5,1,3,2,4,4,5,0,0,38,25.3
102203536,5,5,5,4,4,4,4,5,5,5,5,5,44,29.3
102203537,4,4,5,5,4,4,2,4,5,5,5,5,42,28.0
102203538,5,5,4,4,4,5,5,4,5,5,5,4,43,28.7
102203539,5,5,0,0,5,5,4,4,4,5,4,3,41,27.3
102203545,2,2,1,4,3,4,5,5,4,5,5,3,38,25.3
102203546,3,3,5,5,4,5,3,4,4,5,0,0,38,25.3
102203547,5,5,5,5,2,5,2,2,5,5,4,5,44,29.3
102203548,4,4,4,4,3,5,4,3,5,5,5,3,40,26.7
102203549,5,5,3,4,1,3,4,3,4,3,4,5,37,24.7
102203553,5,5,4,3,3,5,3,4,5,5,3,4,40,26.7
102203554,0,0,4,4,4,0,4,3,5,5,5,5,39,26.0
102203559,0,0,4,5,5,4,3,3,5,5,5,5,41,27.3
102203560,4,5,4,5,5,5,4,3,4,5,5,3,42,28.0
102203567,5,4,5,4,3,3,4,5,5,4,4,5,41,27.3
102203575,5,4,5,5,0,5,4,4,4,5,4,4,41,27.3
102203576,5,5,5,0,4,4,0,0,5,5,5,5,43,28.7
102203578,0,0,5,4,4,4,2,4,5,5,3,4,38,25.3
102203579,5,5,5,4,5,5,4,3,4,5,5,3,43,28.7
102203580,5,5,2,0,1,4,3,4,4,5,4,4,38,25.3
102203582,5,5,5,4,3,5,4,3,3,5,5,5,43,28.7
102203584,4,5,4,3,4,4,4,5,5,5,5,5,42,28.0
102203585,4,5,5,4,3,5,3,4,4,4,5,3,40,26.7
102203587,5,5,5,4,4,5,4,4,5,5,5,4,43,28.7
102203588,5,4,4,5,3,3,3,4,4,5,0,0,37,24.7
102203589,5,4,5,4,4,5,0,0,5,5,5,4,42,28.0
102203592,5,5,4,5,2,5,3,5,4,5,3,3,41,27.3
102203593,4,5,4,5,2,4,4,4,5,5,5,5,42,28.0
102203598,5,5,5,5,1,4,4,4,4,5,5,4,42,28.0
102203603,4,5,5,5,3,3,2,3,5,5,5,5,42,28.0
102203604,5,4,5,4,5,4,4,4,5,5,5,5,43,28.7
102203606,5,5,3,3,1,3,0,0,5,5,4,4,37,24.7
102203607,5,4,3,5,2,4,5,5,5,4,5,2,42,28.0
102203608,4,5,4,5,0,5,3,3,5,5,5,4,42,28.0
102203609,O AB,0,5,0,0,0,0,0,4,5,3,3,20,13.3
102203611,5,5,2,5,3,4,4,3,4,5,5,5,42,28.0
102203612,5,5,4,5,0,5,4,3,5,5,5,5,44,29.3
102203613,5,4,5,4,3,5,4,4,5,5,5,4,42,28.0
102203616,5,5,4,0,2,5,5,3,5,5,5,5,44,29.3
102203618,4,5,5,3,0,5,5,4,4,5,5,5,43,28.7
102203620,5,5,3,5,4,5,2,5,5,5,5,3,44,29.3
102203624,4,5,3,5,4,5,3,4,5,5,5,5,43,28.7
102203625,5,5,5,4,3,5,3,4,5,5,5,4,43,28.7
102203627,5,4,4,5,0,4,0,0,0,0,2,2,26,17.3
102203629,5,5,4,4,0,5,4,3,5,5,3,5,42,28.0
102203630,5,4,5,3,0,3,3,4,4,5,4,5,39,26.0
102203631,4,5,5,5,0,5,1,3,5,4,5,4,42,28.0
102203632,5,5,4,0,2,5,4,3,5,5,4,5,42,28.0
102203633,4,5,4,3,0,5,3,3,4,5,0,0,36,24.0
102203635,5,5,5,5,4,4,4,5,4,5,5,5,44,29.3
102203636,5,4,5,4,4,4,4,5,4,5,5,5,42,28.0
102203637,5,5,5,3,3,4,3,4,4,5,4,5,41,27.3
102203641,4,4,0,4,0,5,0,0,0,5,0,0,22,14.7
102203647,5,5,0,4,3,4,3,4,5,5,5,3,40,26.7
102203648,5,5,5,5,0,3,5,4,5,5,5,5,45,30.0
102203652,5,5,4,5,0,4,3,4,5,5,3,3,40,26.7
102203655,5,4,0,0,0,0,0,0,2,4,0,0,15,10.0
102203657,5,5,4,5,3,5,3,3,5,5,5,5,44,29.3
102203660,5,5,5,4,2,3,3,4,4,5,4,3,39,26.0
102203661,4,5,4,5,0,5,5,4,4,5,4,3,41,27.3
102203663,4,5,5,5,4,5,4,5,5,5,4,5,44,29.3
102203665,5,5,3,5,2,4,4,5,5,5,5,4,43,28.7
102203669,5,5,4,4,2,3,4,3,5,5,5,5,42,28.0
102203673,5,4,5,5,0,3,5,4,5,5,5,4,43,28.7
102203674,5,4,5,4,4,3,1,5,5,4,5,4,41,27.3
102203675,5,5,3,5,4,5,2,5,4,5,5,5,44,29.3
102203676,5,5,0,4,1,3,4,4,5,5,5,5,42,28.0
102203678,4,5,5,4,3,4,4,4,5,5,4,3,40,26.7
102203680,4,5,0,5,4,3,5,5,5,5,4,4,42,28.0
102203689,5,5,4,5,0,4,3,4,5,5,5,4,42,28.0
102203743,5,5,3,0,0,5,2,4,5,5,0,0,34,22.7
102203752,5,4,3,5,3,0,0,0,0,0,0,0,20,13.3
102203792,5,4,5,5,2,5,4,4,5,5,0,0,42,28.0
102203908,5,5,3,5,0,5,2,3,5,5,4,5,42,28.0
102203975,4,5,4,0,3,5,3,4,5,5,5,4,41,27.3
102203977,5,5,4,5,0,4,3,5,4,5,5,5,43,28.7
102203978,0,5,4,4,3,4,5,4,5,5,5,5,42,28.0
102203980,5,5,5,4,2,5,4,4,5,5,4,5,43,28.7
102213030,5,4,3,5,0,5,4,3,3,5,4,5,40,26.7
102253010,5,5,3,5,0,4,3,4,4,4,5,5,41,27.3
102383018,0,0,0,0,0,0,0,0,0,0,0,0,0,0.0
102383019,5,5,4,5,3,3,2,3,4,5,5,5,41,27.3
102383020,5,5,4,4,0,3,2,3,0,0,0,0,26,17.3
102383022,2,5,5,5,4,4,3,4,5,5,5,3,42,28.0
102383024,0,0,5,4,0,4,3,3,4,5,4,5,37,24.7
102383025,0,0,0,0,0,0,0,0,0,0,0,0,0,0.0
102383026,0,5,3,3,5,5,5,5,5,5,5,4,44,29.3
102383027,0,5,4,0,0,4,4,3,4,4,5,5,38,25.3
102383029,0,5,1,3,3,0,5,5,5,5,4,5,40,26.7
102383051,0,2,5,5,0,3,0,0,5,5,4,5,34,22.7
102383052,0,0,5,5,0,5,3,4,4,5,4,3,38,25.3
102383063,0,0,5,5,3,3,4,4,5,5,5,4,40,26.7
102203082,4,3,4,4,4,3,3,5,5,5,5,5,41,27.3
102203102,5,4,5,5,4,3,0,0,0,5,0,2,33,22.0
102203137,5,4,0,5,4,4,4,4,5,5,0,4,40,26.7
102203209,4,3,5,4,3,5,4,4,5,5,4,0,40,26.7
102203249,5,3,4,4,3,5,4,4,5,5,4,5,41,27.3
102203509,5,3,5,0,2,4,4,2,5,0,5,5,38,25.3
102203534,0,0,0,0,4,4,3,3,5,5,5,3,32,21.3
102203543,4,0,5,5,3,5,3,4,5,5,4,5,42,28.0
102203594,5,3,0,4,4,0,4,3,0,5,4,5,37,24.7
102203596,4,0,4,4,2,5,5,4,5,5,5,4,41,27.3
102203597,5,5,4,4,4,5,2,4,4,5,5,5,42,28.0
102203601,0,0,0,0,0,0,0,0,0,0,0,0,0,0.0
102203679,5,3,4,5,4,0,4,4,5,4,5,5,41,27.3
102203681,4,4,4,5,3,5,3,3,5,0,5,3,38,25.3
102203683,4,4,4,5,4,4,0,0,4,5,2,3,37,24.7
102203685,0,4,2,5,3,4,4,5,4,5,5,5,41,27.3
102203686,5,0,4,5,3,5,3,5,5,5,5,5,44,29.3
102203693,5,4,4,5,2,5,4,5,5,5,3,3,42,28.0
102203694,5,4,5,5,3,3,4,4,4,5,0,5,41,27.3
102203695,4,3,4,5,4,3,4,4,5,5,4,5,40,26.7
102203696,4,0,3,5,4,0,0,0,5,5,5,1,32,21.3
102203697,5,4,0,5,3,5,5,4,3,5,5,5,43,28.7
102203698,5,3,5,4,4,4,3,3,5,5,5,5,42,28.0
102203699,5,1,5,5,5,3,4,4,5,5,5,5,44,29.3
102203701,5,5,5,5,2,5,3,5,5,5,5,5,45,30.0
102203702,3,1,3,4,0,5,2,5,0,0,0,0,23,15.3
102203703,5,5,3,4,4,4,5,5,4,5,4,5,42,28.0
102203704,0,5,0,4,4,5,5,4,5,0,4,4,40,26.7
102203708,4,1,5,0,3,5,4,3,5,0,4,5,38,25.3
102203711,4,2,3,5,0,4,3,3,5,5,5,2,37,24.7
102203713,5,5,4,4,4,4,3,5,5,0,5,1,41,27.3
102203714,5,5,4,5,1,5,4,3,3,5,0,0,39,26.0
102203715,0,2,5,5,4,5,3,4,4,5,5,5,42,28.0
102203717,5,0,4,0,4,4,3,4,3,0,4,4,35,23.3
102203719,4,4,4,4,4,3,0,0,0,0,0,0,23,15.3
102203720,5,1,4,5,2,5,5,5,4,5,5,5,44,29.3
102203722,5,2,5,5,3,4,5,5,5,5,0,5,44,29.3
102203723,0,5,5,4,2,5,3,4,0,5,5,5,41,27.3
102203725,5,5,3,5,4,5,3,5,5,5,5,3,44,29.3
102203726,5,5,4,4,2,0,4,4,5,5,4,4,40,26.7
102203729,4,5,4,5,0,4,2,5,5,5,0,3,40,26.7
102203730,4,4,4,5,4,5,4,5,5,0,5,5,42,28.0
102203731,5,2,4,5,2,4,4,3,5,0,5,0,37,24.7
102203732,4,4,2,2,2,4,3,2,5,5,0,1,31,20.7
102203733,5,3,4,4,3,4,4,5,5,5,5,3,41,27.3
102203734,5,4,5,5,0,5,2,4,3,5,5,5,43,28.7
102203736,5,4,4,5,2,4,4,5,5,5,5,5,43,28.7
102203738,5,2,4,0,3,5,4,5,5,5,5,3,41,27.3
102203739,4,0,4,5,0,4,2,4,5,0,0,1,29,19.3
102203741,0,3,3,3,4,5,4,4,5,5,0,5,38,25.3
102203742,4,2,4,0,4,0,0,0,0,5,5,4,28,18.7
102203744,3,4,3,5,5,5,3,4,5,0,5,4,40,26.7
102203747,5,3,4,4,0,0,0,0,4,5,0,5,30,20.0
102203753,5,3,4,5,4,5,0,0,4,5,5,2,40,26.7
102203754,2,1,5,4,2,4,5,3,5,4,5,3,38,25.3
102203755,5,2,4,4,4,4,2,4,5,5,5,5,41,27.3
102203756,4,4,4,4,3,5,3,4,5,5,0,3,38,25.3
102203758,5,4,4,5,2,4,5,4,4,5,4,5,41,27.3
102203759,5,4,3,4,5,5,4,5,5,5,5,5,44,29.3
102203761,0,4,5,4,3,5,4,4,5,5,5,4,41,27.3
102203765,5,0,4,4,3,5,4,4,2,4,5,3,38,25.3
102203766,5,4,5,4,0,4,4,4,5,5,5,4,41,27.3
102203768,5,2,5,4,5,4,4,5,5,5,5,4,43,28.7
102203769,5,3,0,4,5,5,4,4,4,5,5,3,41,27.3
102203771,5,4,4,4,3,5,2,3,0,4,3,5,37,24.7
102203772,3,4,4,5,4,2,5,3,5,5,4,0,39,26.0
102203773,5,3,4,4,3,5,5,2,5,4,4,5,41,27.3
102203776,5,3,3,5,0,5,3,4,5,4,0,3,37,24.7
102203777,5,0,5,5,4,5,4,4,5,5,5,0,43,28.7
102203778,5,4,4,5,2,5,5,3,5,5,4,5,43,28.7
102203783,4,3,4,5,5,5,4,4,3,5,3,3,39,26.0
102203784,5,3,4,5,4,5,4,4,4,5,5,5,42,28.0
102203785,4,4,4,5,4,4,5,4,5,5,5,5,42,28.0
102203786,0,3,5,5,2,4,3,3,5,5,5,5,40,26.7
102203788,5,3,5,5,5,5,4,4,4,5,0,3,42,28.0
102203790,3,4,5,4,3,5,4,3,0,5,5,1,38,25.3
102203791,5,1,4,0,5,3,0,0,4,4,0,2,28,18.7
102203793,5,3,5,0,5,4,4,3,5,5,4,5,42,28.0
102203795,0,1,4,3,5,0,3,4,5,5,5,5,39,26.0
102203796,5,3,5,5,0,4,3,4,5,5,0,5,41,27.3
102203797,3,5,5,3,4,5,3,5,5,5,0,5,42,28.0
102203798,4,5,4,5,3,5,4,3,0,5,5,4,41,27.3
102203801,5,4,3,5,0,3,4,5,5,4,3,0,38,25.3
102203802,4,2,5,5,0,4,4,5,5,5,5,5,43,28.7
102203804,5,3,4,5,5,5,3,5,5,5,0,5,44,29.3
102203806,3,3,4,3,4,5,4,4,5,5,4,3,38,25.3
102203808,5,5,5,5,4,4,4,5,5,5,4,3,43,28.7
102203809,0,0,5,0,0,4,2,4,5,5,0,5,30,20.0
102203810,5,0,3,5,4,0,3,4,5,4,5,3,38,25.3
102203812,0,4,4,3,3,4,3,4,5,5,5,1,37,24.7
102203815,4,5,4,4,4,3,5,4,5,4,4,0,39,26.0
102203816,5,4,4,5,4,5,5,5,4,0,4,5,42,28.0
102203818,4,3,5,5,3,4,3,4,5,5,5,5,42,28.0
102203819,5,3,5,5,4,4,4,5,4,5,0,4,41,27.3
102203820,5,4,5,4,2,0,3,5,5,5,3,5,41,27.3
102203821,4,0,5,3,3,5,5,3,5,0,5,5,40,26.7
102203822,0,3,4,0,3,4,5,5,5,5,4,5,40,26.7
102203826,5,4,5,5,2,5,3,5,4,5,5,5,44,29.3
102203827,5,0,4,5,4,5,3,4,5,5,5,5,43,28.7
102203828,3,4,4,4,3,4,2,5,4,5,4,4,38,25.3
102203829,5,0,4,5,2,0,3,4,0,5,0,2,30,20.0
102203831,5,2,5,5,0,4,3,5,5,5,5,5,44,29.3
102203833,4,1,4,4,5,0,2,4,5,0,4,5,37,24.7
102203838,4,4,3,4,2,4,4,3,5,5,5,4,39,26.0
102203840,4,4,5,5,2,3,3,5,4,5,5,3,40,26.7
102203841,4,1,5,5,3,5,2,3,5,3,4,2,37,24.7
102203842,5,5,5,5,2,3,4,3,5,5,5,4,43,28.7
102203846,5,2,4,5,4,4,0,0,5,5,5,5,42,28.0
102203847,4,3,2,4,5,2,4,5,5,4,5,4,40,26.7
102203849,5,3,5,4,4,5,2,4,5,4,5,5,42,28.0
102203851,5,0,5,4,3,5,4,3,5,5,0,5,41,27.3
102203852,2,3,4,5,4,4,5,4,5,5,4,5,41,27.3
102203854,0,4,5,4,2,5,4,4,5,5,5,5,42,28.0
102203856,5,0,5,4,4,5,4,4,0,5,5,2,41,27.3
102203857,5,2,5,4,0,5,3,4,5,5,0,4,40,26.7
102203858,5,3,5,4,2,5,2,5,5,5,4,5,43,28.7
102203859,5,2,4,5,3,4,3,4,0,4,5,4,38,25.3
102203860,4,3,2,3,2,4,4,4,4,4,5,0,35,23.3
102203862,5,3,4,5,3,3,3,4,0,5,0,5,37,24.7
102203863,4,3,4,4,0,4,4,5,5,0,4,5,39,26.0
102203864,0,3,3,3,0,4,5,3,4,5,0,3,33,22.0
102203867,2,2,0,5,4,5,4,5,5,5,0,5,40,26.7
102203869,5,3,4,4,3,4,4,4,5,5,5,5,41,27.3
102203870,4,4,4,5,4,5,3,4,0,5,5,5,41,27.3
102203873,0,0,4,5,5,5,4,4,5,0,5,2,39,26.0
102203874,3,3,4,4,3,3,2,4,5,5,5,5,38,25.3
102203875,5,5,4,4,3,5,4,4,5,5,5,4,42,28.0
102203876,5,3,4,4,4,4,1,4,5,5,5,4,40,26.7
102203881,0,0,5,4,4,5,4,3,5,5,5,5,42,28.0
102203882,5,0,5,4,3,5,4,4,4,5,0,5,41,27.3
102203883,4,5,3,5,4,4,4,4,5,5,5,5,42,28.0
102203884,5,3,4,5,3,4,2,4,5,5,5,5,42,28.0
102203887,5,5,4,5,3,4,4,5,5,5,0,5,43,28.7
102203891,0,0,5,5,5,4,5,3,5,0,5,0,37,24.7
102203897,5,3,0,4,0,4,3,3,0,5,4,5,36,24.0
102203912,5,5,5,0,3,5,0,0,4,5,0,0,32,21.3
102203982,5,4,5,4,4,5,4,3,5,5,5,5,43,28.7
102203983,4,3,5,4,3,3,4,4,5,0,5,2,37,24.7
102203987,2,4,3,4,0,4,2,5,4,5,5,3,37,24.7
102203989,5,4,0,5,4,5,5,4,5,5,5,2,43,28.7
102203992,5,2,4,5,3,4,3,4,5,5,0,5,40,26.7
102203993,0,2,4,0,4,0,4,4,0,0,4,4,26,17.3
102253011,4,5,0,3,3,0,5,5,5,5,5,5,42,28.0
102253015,5,4,4,4,1,0,4,4,5,5,5,0,40,26.7
102383033,0,0,3,4,0,5,5,2,0,5,0,0,24,16.0
102383035,5,3,5,0,0,3,4,4,5,5,4,5,40,26.7
102383044,2,4,4,0,4,4,3,5,0,5,0,4,35,23.3
102383045,2,2,5,0,3,4,3,5,5,5,0,4,36,24.0
702200031,0,0,5,4,3,0,4,4,5,0,5,0,30,20.0
102103005,5,5,5,5,5,5,4,0,4,5,4,1,43,28.7
102203006,5,5,1,5,4,5,3,5,5,4,4,4,42,28.0
102203010,5,4,5,0,1,4,4,4,4,5,3,5,40,26.7
102203011,5,2,4,4,0,5,3,4,5,5,5,4,41,27.3
102203019,5,4,3,0,3,5,4,4,5,4,4,2,38,25.3
102203038,4,5,2,5,5,5,3,3,5,5,5,5,44,29.3
102203048,4,4,4,4,4,5,3,4,4,5,5,3,39,26.0
102203062,4,4,5,4,5,4,3,5,5,5,4,5,42,28.0
102203068,0,2,0,4,0,1,3,3,3,4,4,3,27,18.0
102203075,5,1,5,5,2,5,2,4,3,5,3,5,40,26.7
102203079,4,4,4,0,3,3,5,0,3,5,4,4,36,24.0
102203083,5,1,5,5,2,4,4,4,4,5,5,5,42,28.0
102203092,5,4,5,4,2,3,3,5,0,0,0,0,31,20.7
102203107,4,3,4,4,1,4,4,4,5,4,4,4,37,24.7
102203112,5,3,5,5,4,5,5,4,5,5,5,4,44,29.3
102203132,0,4,4,3,3,4,5,4,5,5,4,3,38,25.3
102203141,5,2,3,5,5,5,5,5,5,4,5,5,45,30.0
102203162,5,5,2,5,3,5,3,5,5,5,4,2,42,28.0
102203174,0,3,4,4,0,5,4,4,4,5,5,4,39,26.0
102203185,5,3,4,5,3,3,5,5,4,4,4,3,39,26.0
102203196,5,4,5,4,4,4,3,3,5,5,4,3,40,26.7
102203247,5,3,4,0,3,4,4,5,4,5,5,5,41,27.3
102203251,5,2,5,0,5,3,2,5,5,5,4,2,39,26.0
102203264,5,3,3,4,3,4,4,3,5,5,5,5,40,26.7
102203268,5,4,4,5,2,4,2,4,5,4,5,5,41,27.3
102203271,5,0,4,5,4,4,4,0,5,5,4,4,40,26.7
102203276,5,4,2,0,3,5,5,4,3,5,3,3,37,24.7
102203277,5,4,4,4,3,5,4,5,4,5,5,5,42,28.0
102203286,4,0,5,0,4,5,2,4,5,2,4,4,37,24.7
102203287,3,0,2,5,2,4,3,0,3,4,5,1,31,20.7
102203296,5,4,4,4,2,4,4,4,4,5,5,2,39,26.0
102203316,4,0,4,5,5,5,3,0,5,5,5,2,41,27.3
102203318,5,3,3,5,5,4,4,5,5,4,5,3,42,28.0
102203320,2,1,0,0,1,5,2,0,3,5,5,3,27,18.0
102203323,5,3,5,4,3,4,2,3,4,4,5,5,39,26.0
102203347,4,3,5,4,5,5,5,4,4,5,4,4,41,27.3
102203364,4,1,4,4,0,4,4,3,5,5,5,2,38,25.3
102203367,0,2,5,5,3,5,3,5,4,5,5,2,40,26.7
102203390,0,2,5,4,3,4,3,4,5,5,4,5,39,26.0
102203396,5,4,5,5,2,4,4,4,5,5,3,1,41,27.3
102203399,5,2,4,4,4,4,5,5,4,5,4,3,40,26.7
102203406,4,4,5,4,2,3,5,4,5,5,5,4,41,27.3
102203426,4,4,5,5,4,4,3,4,5,5,4,3,40,26.7
102203444,5,4,2,3,5,4,3,5,5,5,4,5,42,28.0
102203452,1,3,4,4,3,4,4,4,5,5,5,4,39,26.0
102203454,3,2,4,4,4,5,4,5,4,5,4,5,40,26.7
102203458,5,5,5,5,5,5,4,4,4,5,4,5,44,29.3
102203460,5,3,5,5,2,5,1,4,4,5,5,4,42,28.0
102203463,0,0,0,0,0,0,0,0,0,0,0,0,0,0.0
102203471,0,3,4,4,4,3,1,4,5,5,3,2,35,23.3
102203477,0,0,0,0,0,0,0,0,0,0,0,0,0,0.0
102203499,5,4,4,5,4,2,2,4,5,5,5,5,42,28.0
102203511,5,3,4,5,3,4,3,0,5,5,4,5,40,26.7
102203514,5,5,3,5,1,4,3,5,5,5,4,3,41,27.3
102203529,5,1,5,5,4,4,2,5,5,5,5,4,43,28.7
102203561,5,4,4,5,3,5,4,0,4,5,4,1,40,26.7
102203573,5,5,4,4,5,4,4,4,3,5,5,5,42,28.0
102203614,5,5,4,4,1,5,4,0,4,5,4,5,41,27.3
102203617,5,3,3,4,5,4,2,5,5,5,5,5,43,28.7
102203639,5,0,4,4,5,5,3,5,5,5,5,5,44,29.3
102203643,5,4,3,4,3,4,4,4,5,5,4,5,40,26.7
102203646,3,4,5,5,2,4,3,4,5,5,4,3,39,26.0
102203684,5,3,5,5,3,3,4,4,5,5,4,3,40,26.7
102203688,0,3,3,3,4,4,1,3,5,5,4,4,35,23.3
102203710,5,5,5,5,4,5,4,3,5,5,3,4,43,28.7
102203728,5,4,4,0,3,4,3,4,5,5,4,3,38,25.3
102203737,5,2,4,5,3,5,4,5,4,5,5,1,42,28.0
102203750,5,5,5,4,4,3,4,5,3,5,5,2,42,28.0
102203764,5,0,5,4,0,5,5,4,4,5,4,1,41,27.3
102203767,5,4,5,4,2,4,5,5,5,5,4,5,43,28.7
102203774,4,3,3,5,4,4,4,5,5,5,4,4,40,26.7
102203782,5,4,4,5,4,4,2,0,4,5,4,4,39,26.0
102203807,0,3,4,4,3,5,3,4,5,5,5,3,38,25.3
102203835,4,5,4,3,5,3,4,4,5,5,5,5,42,28.0
102203848,4,3,2,3,4,5,3,4,4,5,5,3,37,24.7
102203866,5,2,4,4,2,5,4,4,4,5,5,2,40,26.7
102203877,5,4,4,5,4,4,3,5,4,5,5,5,42,28.0
102203888,3,4,4,5,3,4,4,5,5,5,4,5,41,27.3
102203890,5,4,0,3,2,5,4,4,5,5,4,5,41,27.3
102203892,5,4,3,5,4,4,5,3,5,5,4,5,42,28.0
102203895,5,4,4,5,2,4,4,5,5,4,4,1,40,26.7
102203896,5,5,4,0,3,4,5,4,5,4,4,5,41,27.3
102203898,5,4,4,5,2,4,4,4,5,5,4,2,40,26.7
102203899,5,4,5,5,4,3,3,0,4,5,5,5,42,28.0
102203901,4,4,4,4,4,5,4,4,0,3,5,4,38,25.3
102203902,5,4,4,5,4,4,3,4,3,5,4,4,39,26.0
102203903,4,4,3,2,5,4,4,4,3,5,4,2,37,24.7
102203905,5,1,4,4,4,3,3,4,4,5,4,5,39,26.0
102203907,0,5,4,5,2,5,2,4,5,5,4,4,41,27.3
102203913,0,4,3,5,2,5,3,5,4,5,5,5,41,27.3
102203914,5,4,5,5,3,5,3,4,4,4,5,4,41,27.3
102203916,5,4,4,5,4,5,3,4,4,5,4,1,40,26.7
102203919,4,3,4,5,3,4,4,4,4,5,5,5,40,26.7
102203920,5,5,5,5,3,5,4,0,5,5,5,2,44,29.3
102203924,4,3,0,4,3,4,3,0,4,4,5,3,34,22.7
102203932,5,3,5,5,5,4,3,5,5,5,3,2,42,28.0
102203933,4,4,4,4,4,5,5,3,5,5,5,5,42,28.0
102203934,0,0,0,0,0,0,0,0,0,0,0,0,0,0.0
102203935,5,5,0,4,3,4,3,4,5,5,5,2,40,26.7
102203937,0,4,5,5,4,5,4,5,5,5,4,5,43,28.7
102203939,4,3,4,4,4,2,4,5,5,4,5,5,40,26.7
102203949,5,5,5,5,4,4,4,0,4,5,5,5,43,28.7
102203955,4,0,5,4,4,5,2,5,5,5,4,2,41,27.3
102203956,3,3,3,5,3,5,3,4,4,5,4,2,36,24.0
102203985,5,3,4,5,2,3,3,5,4,5,4,5,40,26.7
102203994,5,3,4,5,3,5,2,4,5,5,5,5,43,28.7
102203995,4,0,3,0,3,4,4,3,4,4,4,4,34,22.7
102203996,0,3,0,3,3,2,4,4,4,5,5,3,34,22.7
102213002,4,0,4,0,5,5,4,0,5,5,3,3,38,25.3
102213004,5,3,3,3,4,5,3,5,5,5,3,4,39,26.0
102213021,5,4,5,4,3,4,4,4,5,5,5,2,41,27.3
102213022,4,5,4,5,4,5,4,4,5,5,4,3,41,27.3
102213023,5,3,5,4,0,5,3,3,5,5,3,5,40,26.7
102213024,4,4,4,5,0,4,5,4,5,5,4,4,40,26.7
102213025,3,4,4,5,4,4,4,4,4,5,4,5,39,26.0
102215010,0,2,4,3,5,4,4,3,5,5,4,1,37,24.7
102219041,0,0,0,0,3,3,2,4,4,5,4,4,29,19.3
102253003,5,3,3,5,3,4,4,4,5,4,5,4,40,26.7
102253004,3,4,4,3,4,4,4,5,5,5,4,3,39,26.0
102253008,3,3,4,4,4,3,4,3,4,3,3,2,32,21.3
102253012,0,4,5,0,0,0,0,0,4,5,4,4,26,17.3
102253013,5,5,0,5,5,5,4,3,5,5,5,4,44,29.3
102253014,0,2,3,3,2,4,3,4,5,5,5,2,34,22.7
102383008,5,3,4,5,1,5,5,4,5,5,5,4,43,28.7
102383010,5,0,3,4,0,5,3,4,5,5,5,5,41,27.3
102383031,4,3,5,5,3,4,2,4,5,5,4,5,41,27.3
102383034,3,0,0,4,2,4,4,3,3,0,4,4,31,20.7
102383037,5,3,4,5,3,5,1,4,4,5,3,2,38,25.3
102383038,5,4,5,3,5,5,3,5,5,5,3,3,42,28.0
102383040,5,3,5,4,2,5,5,5,5,5,4,5,44,29.3
102383041,0,0,0,0,2,5,5,0,0,0,0,0,12,8.0
102383042,4,3,3,1,0,3,3,1,5,4,4,3,32,21.3
102383043,3,5,3,5,2,5,3,0,5,5,3,2,37,24.7
102383046,5,3,4,5,1,4,3,5,5,5,4,5,42,28.0
102383047,3,3,4,5,3,5,4,5,0,5,5,1,39,26.0
102383048,5,2,4,5,0,4,4,0,5,5,4,2,38,25.3
102383050,5,3,4,0,3,5,3,4,5,5,5,3,39,26.0
102383064,5,0,4,5,3,4,4,3,5,5,4,4,40,26.7
102383068,4,0,5,4,4,4,2,5,4,5,3,2,38,25.3
102383069,3,0,4,0,1,2,4,4,0,0,0,0,18,12.0
102383070,3,4,4,5,4,4,2,5,5,5,4,4,40,26.7
102383072,5,0,2,0,4,3,5,4,5,4,5,4,39,26.0
102383073,4,5,4,5,3,5,4,4,5,5,4,2,41,27.3
102383074,4,5,2,4,2,5,3,2,4,5,4,5,39,26.0
102383075,5,4,3,5,3,4,3,3,5,5,4,4,39,26.0
102383076,0,0,0,0,0,0,0,0,0,0,0,0,0,0.0
102383077,5,4,4,5,5,5,4,4,5,4,4,4,41,27.3
102383078,5,0,3,5,5,4,3,5,5,4,4,3,40,26.7
102383079,5,0,3,4,4,4,3,3,5,0,0,0,31,20.7
102383080,0,4,0,0,1,1,4,3,5,5,4,1,28,18.7
102383082,4,2,0,4,4,4,3,0,4,5,4,4,36,24.0
102103670,0,0,0,0,3,4,0,4,5,5,0,0,21,14.0
102203027,4,4,5,5,4,4,3,3,5,5,4,5,41,27.3
102203044,4,0,0,3,4,5,3,4,5,5,5,5,40,26.7
102203050,0,2,4,0,4,5,0,4,5,5,5,4,38,25.3
102203054,5,3,4,5,4,5,5,4,5,3,4,4,41,27.3
102203073,5,4,4,4,4,4,5,3,4,5,5,4,40,26.7
102203080,5,2,5,5,0,0,4,4,4,5,4,5,41,27.3
102203085,5,4,4,5,1,4,5,2,4,5,4,3,40,26.7
102203086,0,0,0,4,0,0,0,0,5,4,0,0,13,8.7
102203089,0,1,4,5,0,0,0,0,4,5,5,4,28,18.7
102203118,0,0,0,0,0,0,3,0,5,0,4,0,12,8.0
102203119,5,3,3,4,4,5,4,2,5,5,4,3,39,26.0
102203125,5,4,5,5,2,5,4,5,0,0,5,4,42,28.0
102203133,3,2,5,0,3,5,3,0,5,5,5,3,37,24.7
102203136,5,5,5,4,4,5,3,4,5,5,4,3,42,28.0
102203143,5,4,4,4,4,5,3,3,4,5,5,3,40,26.7
102203153,5,5,5,5,3,4,4,3,0,0,3,5,39,26.0
102203168,5,3,5,5,4,4,4,4,5,5,5,5,43,28.7
102203169,0,0,0,0,0,0,0,0,0,0,0,0,0,0.0
102203182,5,4,5,4,2,5,5,3,5,5,3,4,42,28.0
102203189,5,0,4,5,4,5,3,4,5,5,4,5,42,28.0
102203199,4,4,4,5,4,5,4,4,4,5,4,3,39,26.0
102203201,3,3,4,3,2,4,3,5,5,5,4,2,36,24.0
102203215,3,3,5,4,4,4,4,4,5,5,4,4,39,26.0
102203217,5,3,0,5,4,4,2,5,5,5,4,5,42,28.0
102203230,5,2,0,4,3,2,4,5,5,4,5,2,37,24.7
102203231,3,4,4,5,1,4,5,5,5,5,5,5,43,28.7
102203237,5,4,3,5,4,4,4,2,0,5,4,4,39,26.0
102203239,0,0,0,5,0,0,4,3,0,0,0,0,12,8.0
102203257,4,3,4,4,4,5,5,4,4,4,3,4,38,25.3
102203258,4,3,4,5,2,3,4,4,5,5,4,4,39,26.0
102203269,5,4,5,4,4,5,3,5,5,4,5,3,42,28.0
102203279,0,3,4,5,3,5,4,3,5,5,5,4,40,26.7
102203281,0,2,4,5,0,0,0,0,5,5,3,4,28,18.7
102203298,0,0,3,5,0,5,0,0,5,3,5,3,29,19.3
102203319,4,4,3,3,4,4,0,0,0,4,4,3,33,22.0
102203328,5,2,5,0,2,5,4,5,0,0,4,4,36,24.0
102203330,5,3,4,5,4,5,3,4,4,5,4,5,41,27.3
102203333,5,5,4,4,5,4,2,4,5,4,0,0,40,26.7
102203340,5,4,5,4,4,5,2,5,5,5,4,5,43,28.7
102203361,4,5,5,3,0,0,3,4,4,4,4,4,37,24.7
102203368,0,0,2,4,2,5,1,5,4,4,5,5,36,24.0
102203373,5,4,2,0,2,4,4,4,5,5,3,5,39,26.0
102203385,4,5,4,4,1,5,4,5,5,4,5,3,41,27.3
102203389,2,3,4,5,2,5,4,5,5,5,4,2,40,26.7
102203391,4,4,3,5,3,4,2,4,5,5,4,5,40,26.7
102203392,5,0,0,0,3,4,0,0,0,0,0,0,12,8.0
102203394,4,3,3,5,0,0,0,0,5,5,4,4,33,22.0
102203398,5,4,4,5,3,3,3,4,5,5,5,5,42,28.0
102203401,4,2,5,0,4,4,4,4,5,5,5,5,41,27.3
102203404,5,3,4,5,3,5,2,5,4,5,4,3,40,26.7
102203410,5,4,5,3,3,5,4,4,5,5,4,5,42,28.0
102203417,3,3,5,5,0,0,3,5,5,4,5,4,39,26.0
102203427,4,4,3,4,4,5,5,4,5,5,5,3,41,27.3
102203434,5,3,3,5,4,5,4,4,4,5,4,3,40,26.7
102203447,0,0,0,0,4,5,0,0,5,4,3,3,24,16.0
102203465,5,2,5,4,0,4,0,0,0,0,4,4,28,18.7
102203473,3,2,3,4,3,3,4,3,5,4,5,2,34,22.7
102203484,4,3,4,5,0,0,2,4,5,5,4,5,39,26.0
102203485,5,4,0,4,2,5,3,5,5,5,4,4,41,27.3
102203487,4,4,3,4,4,4,3,5,5,5,5,4,40,26.7
102203493,5,3,4,5,4,5,3,5,5,5,4,4,42,28.0
102203498,5,4,4,5,3,5,5,3,5,5,3,4,42,28.0
102203503,5,4,5,5,2,5,5,5,5,5,5,4,45,30.0
102203542,5,4,5,4,3,5,4,5,5,5,4,4,42,28.0
102203551,3,5,3,4,2,3,2,3,4,4,4,2,33,22.0
102203555,5,3,4,5,3,4,0,4,5,5,5,2,40,26.7
102203558,5,3,4,5,4,5,3,5,5,4,5,4,42,28.0
102203562,4,0,5,5,4,5,2,3,5,5,5,3,41,27.3
102203565,5,3,4,5,3,3,3,4,5,5,4,5,40,26.7
102203568,0,3,3,4,5,5,3,4,5,5,4,3,38,25.3
102203570,0,2,4,5,0,4,4,4,4,5,4,4,38,25.3
102203571,3,2,5,5,0,0,3,5,5,5,5,4,40,26.7
102203577,0,3,0,5,0,4,4,4,5,5,5,5,40,26.7
102203583,0,4,5,5,3,4,5,4,4,5,4,5,41,27.3
102203595,5,5,4,5,4,4,3,4,5,4,4,5,41,27.3
102203610,5,2,4,0,0,0,0,0,5,5,4,3,28,18.7
102203615,4,3,5,5,5,5,3,5,5,5,3,4,43,28.7
102203621,5,4,4,4,4,5,3,5,5,5,4,4,41,27.3
102203622,5,3,5,4,3,4,4,3,4,3,4,4,37,24.7
102203623,0,0,3,4,0,5,5,4,5,5,4,5,40,26.7
102203626,0,4,3,5,0,0,5,1,5,5,4,5,37,24.7
102203638,4,2,5,4,5,5,4,4,5,5,5,4,42,28.0
102203642,2,2,5,4,3,4,3,4,5,5,3,4,37,24.7
102203649,5,3,4,5,3,4,4,4,4,5,4,5,40,26.7
102203654,0,2,3,5,2,5,4,4,4,5,5,5,40,26.7
102203656,5,3,5,5,0,0,5,4,5,5,4,4,42,28.0
102203659,5,3,4,4,3,4,4,4,5,5,4,4,39,26.0
102203662,5,4,4,5,3,4,2,4,5,5,4,4,40,26.7
102203667,5,4,4,5,4,5,4,4,5,4,4,4,40,26.7
102203671,5,3,5,4,3,5,3,5,5,5,4,5,43,28.7
102203682,4,5,4,4,0,0,4,4,5,5,3,4,39,26.0
102203690,0,1,4,5,0,0,3,5,4,5,4,4,35,23.3
102203705,0,4,5,0,0,2,4,5,5,5,5,4,39,26.0
102203706,3,0,5,5,3,4,3,4,5,5,4,4,39,26.0
102203740,3,3,4,4,3,3,0,0,5,5,5,4,36,24.0
102203746,5,5,4,4,3,4,5,4,5,5,5,4,42,28.0
102203749,0,0,4,5,4,5,4,4,4,5,4,5,40,26.7
102203760,3,5,3,3,2,5,5,5,5,4,5,3,40,26.7
102203762,0,3,4,4,3,5,2,5,5,5,5,5,41,27.3
102203770,5,2,4,5,3,4,4,4,4,5,4,5,40,26.7
102203799,3,4,3,3,3,3,4,2,1,5,5,3,33,22.0
102203800,0,3,4,5,4,5,5,5,4,5,5,3,42,28.0
102203813,5,4,3,3,5,4,5,5,5,5,3,4,42,28.0
102203817,5,5,5,4,4,5,3,4,5,5,4,4,42,28.0
102203824,5,3,3,4,4,5,2,4,4,5,3,5,39,26.0
102203825,5,4,3,4,2,3,1,4,5,5,5,5,40,26.7
102203830,2,3,5,5,4,3,4,5,5,5,4,4,41,27.3
102203832,4,4,4,5,3,5,3,3,4,5,5,4,40,26.7
102203834,4,4,4,4,2,4,3,4,5,5,4,3,38,25.3
102203843,5,4,5,3,2,5,4,5,5,5,5,3,43,28.7
102203853,3,5,4,4,4,3,3,4,4,5,5,4,39,26.0
102203855,4,4,5,4,4,5,4,4,5,4,5,5,41,27.3
102203861,5,4,5,5,3,4,3,4,4,4,3,5,40,26.7
102203871,4,2,5,5,4,5,4,5,5,4,5,5,43,28.7
102203872,5,5,5,0,1,5,5,3,5,5,5,4,44,29.3
102203893,3,5,5,5,2,5,2,3,4,4,5,4,40,26.7
102203904,5,3,5,4,5,5,4,5,5,5,5,2,44,29.3
102203906,3,0,4,5,3,0,2,4,4,5,4,4,36,24.0
102203917,0,4,4,5,2,3,3,4,5,5,4,4,38,25.3
102203921,4,3,4,4,4,3,5,3,5,5,5,2,39,26.0
102203938,5,5,4,5,4,4,3,4,5,5,4,4,41,27.3
102203964,5,2,5,4,2,4,4,3,5,5,4,5,41,27.3
102203971,3,2,5,5,3,4,4,3,5,5,4,3,38,25.3
102203972,3,1,4,4,3,5,4,5,5,5,5,4,41,27.3
102203979,0,4,3,5,3,5,3,2,5,4,5,3,37,24.7
102203986,4,5,4,5,4,4,3,5,5,5,5,3,42,28.0
102203988,4,4,5,4,4,4,2,4,4,5,3,5,39,26.0
102203999,5,4,4,4,4,4,3,3,5,5,5,5,41,27.3
102213003,4,4,4,0,3,4,4,3,4,5,4,1,36,24.0
102213007,4,3,3,0,2,5,3,4,5,5,4,3,36,24.0
102213008,0,3,4,3,5,5,3,4,5,5,5,5,41,27.3
102213020,0,4,5,0,1,4,0,4,5,5,5,4,37,24.7
102253005,5,5,5,5,5,5,4,4,5,5,5,4,45,30.0
102253009,5,5,5,3,5,4,5,5,5,5,5,3,45,30.0
102383001,5,2,5,5,3,5,3,4,5,4,4,4,41,27.3
102383021,0,0,4,0,3,4,4,3,0,0,0,0,18,12.0
102383023,0,0,0,0,1,4,1,4,0,0,0,0,10,6.7
102383030,0,4,4,0,4,4,4,5,5,5,0,0,35,23.3
102383053,0,0,0,0,0,0,0,0,0,0,0,0,0,0.0
102383054,0,4,5,0,3,5,3,4,5,4,5,3,38,25.3
102383056,2,0,4,0,0,0,3,5,0,0,5,3,22,14.7
102383058,5,2,4,0,5,5,5,4,5,5,4,5,43,28.7
102383060,0,3,4,0,2,5,4,4,5,5,0,0,32,21.3
102102003,0,0,0,3,1,0,0,4,4,0,4,2,18,12.0
102102005,0,0,3,5,3,3,0,0,5,0,5,2,26,17.3
102102018,0,0,0,4,2,5,4,4,5,0,4,3,31,20.7
102103686,5,5,0,0,3,3,3,4,5,4,3,3,35,23.3
102203004,5,3,4,5,1,5,4,4,5,5,5,5,43,28.7
102203009,5,3,3,5,2,4,0,4,4,5,5,0,38,25.3
102203016,4,3,5,4,0,2,2,3,4,3,5,4,35,23.3
102203018,5,5,3,5,0,3,3,4,5,4,5,5,41,27.3
102203024,0,1,3,5,3,5,3,5,4,5,5,5,40,26.7
102203029,4,3,4,4,4,4,3,4,0,5,5,5,39,26.0
102203060,5,4,0,5,4,4,5,4,5,5,5,4,42,28.0
102203072,5,4,4,4,2,3,2,3,5,5,5,0,38,25.3
102203081,5,3,5,5,3,5,5,4,5,5,5,5,45,30.0
102203087,4,4,4,5,4,0,4,4,0,5,4,4,38,25.3
102203088,5,3,2,3,4,5,4,4,4,5,5,4,40,26.7
102203103,5,4,3,4,4,5,0,4,5,5,5,5,42,28.0
102203123,5,3,5,4,4,3,5,4,5,5,5,5,43,28.7
102203124,4,3,5,0,4,0,3,2,0,0,0,5,26,17.3
102203128,5,5,4,3,1,3,3,5,4,5,4,5,40,26.7
102203144,0,0,0,4,5,4,5,0,5,5,4,5,37,24.7
102203145,0,0,3,0,4,5,5,1,5,5,5,5,38,25.3
102203146,5,5,5,5,3,5,0,4,5,5,5,5,45,30.0
102203147,3,2,4,3,3,0,2,4,5,4,5,3,34,22.7
102203148,4,4,5,4,5,5,4,5,5,5,5,5,44,29.3
102203149,5,2,5,4,5,5,3,4,5,5,3,5,43,28.7
102203171,5,4,5,4,4,4,0,4,5,5,4,0,40,26.7
102203178,5,4,4,4,4,2,4,3,3,5,4,0,37,24.7
102203180,5,4,3,5,2,4,0,5,5,4,5,5,42,28.0
102203203,5,2,4,0,1,5,2,0,4,4,5,3,34,22.7
102203204,4,4,0,4,4,0,4,1,5,5,5,5,40,26.7
102203210,5,4,5,5,0,5,0,4,5,4,5,4,42,28.0
102203218,5,2,5,4,1,5,4,2,0,5,4,5,39,26.0
102203219,5,3,5,5,4,4,2,4,5,5,5,5,43,28.7
102203221,5,3,5,5,4,4,3,5,0,5,5,5,43,28.7
102203224,0,4,4,5,4,0,0,4,0,5,0,0,26,17.3
102203227,5,0,4,4,2,5,5,4,4,5,5,2,41,27.3
102203245,0,4,4,5,4,3,3,2,4,5,4,3,36,24.0
102203290,5,4,5,0,4,5,0,5,4,5,5,0,42,28.0
102203297,4,4,4,5,2,4,5,4,5,5,5,5,42,28.0
102203306,5,3,5,5,4,4,5,5,5,5,4,5,44,29.3
102203311,5,5,3,4,3,4,5,5,5,5,5,0,43,28.7
102203324,5,4,0,5,3,5,3,0,5,5,5,4,41,27.3
102203342,5,4,3,5,2,5,2,4,0,5,5,5,41,27.3
102203346,5,4,4,4,4,5,5,4,4,0,5,3,40,26.7
102203355,5,4,0,5,2,4,0,0,5,5,5,0,35,23.3
102203370,4,3,0,5,5,5,4,3,0,5,0,1,35,23.3
102203374,5,2,5,5,5,4,0,0,5,0,5,3,39,26.0
102203381,5,3,4,5,5,5,0,5,4,5,4,5,43,28.7
102203382,4,4,5,5,3,4,0,5,4,5,4,5,41,27.3
102203407,4,3,4,4,4,5,4,4,4,5,4,5,39,26.0
102203418,4,5,4,5,2,4,4,4,5,5,4,0,40,26.7
102203422,0,3,4,4,5,4,0,5,5,5,4,5,41,27.3
102203432,4,2,3,4,0,4,0,4,5,5,5,4,38,25.3
102203435,4,3,5,4,1,4,0,5,5,5,4,0,39,26.0
102203442,3,5,5,5,4,3,4,5,5,4,5,5,43,28.7
102203445,5,4,4,4,5,5,5,4,4,5,5,5,43,28.7
102203453,5,3,5,5,3,5,0,5,5,5,4,5,44,29.3
102203464,5,3,3,4,3,4,4,5,5,5,5,5,42,28.0
102203467,5,5,4,0,0,5,3,5,5,4,5,5,43,28.7
102203472,4,3,5,5,4,4,4,4,0,5,5,5,41,27.3
102203474,5,5,4,4,4,4,3,5,0,5,5,5,42,28.0
102203489,3,3,4,5,5,5,4,4,4,5,5,4,41,27.3
102203515,5,2,5,4,3,4,0,5,5,0,5,5,41,27.3
102203517,5,4,4,5,4,5,0,5,0,5,4,5,42,28.0
102203518,5,3,5,4,2,3,3,3,4,5,4,2,36,24.0
102203519,5,0,3,3,3,4,4,3,5,5,5,4,38,25.3
102203520,5,3,4,5,4,5,0,4,5,5,4,5,42,28.0
102203521,5,4,0,5,2,5,5,4,5,5,0,3,41,27.3
102203527,4,3,5,5,3,5,4,4,5,5,5,5,43,28.7
102203540,5,4,5,4,3,4,2,0,5,5,4,0,39,26.0
102203550,5,3,5,5,3,5,4,5,4,5,5,5,44,29.3
102203552,5,3,3,4,2,0,4,4,5,5,4,5,39,26.0
102203557,0,3,4,4,3,5,4,4,5,5,4,4,39,26.0
102203563,4,3,5,5,3,3,5,5,5,5,5,5,44,29.3
102203590,4,4,5,5,4,5,3,0,0,0,5,5,40,26.7
102203591,4,3,4,0,4,5,3,4,5,5,5,0,39,26.0
102203599,5,2,5,4,4,4,4,5,5,5,4,5,42,28.0
102203600,5,3,4,4,0,4,0,3,4,5,5,0,37,24.7
102203605,0,0,0,0,0,3,0,3,0,5,5,5,21,14.0
102203619,5,4,5,5,3,4,3,4,5,5,4,2,41,27.3
102203628,5,4,3,5,4,5,5,5,5,5,4,5,44,29.3
102203634,4,3,4,4,5,5,3,3,5,5,5,2,40,26.7
102203640,4,3,5,5,2,4,3,5,5,5,4,5,42,28.0
102203644,0,3,3,4,3,4,4,5,5,5,4,5,39,26.0
102203645,3,3,3,3,4,5,0,4,5,0,0,3,33,22.0
102203650,5,3,5,0,3,5,2,5,0,0,5,4,37,24.7
102203658,5,3,5,4,4,4,4,4,5,5,3,5,41,27.3
102203664,4,2,4,4,3,0,3,4,5,5,3,5,37,24.7
102203666,4,3,3,5,4,4,3,0,0,5,5,0,36,24.0
102203668,5,2,4,4,2,5,4,4,5,5,5,0,41,27.3
102203670,4,4,3,4,5,4,2,5,0,5,4,5,40,26.7
102203677,4,0,5,5,2,4,3,4,0,5,5,0,37,24.7
102203700,5,4,3,5,1,4,3,5,4,5,4,5,41,27.3
102203709,4,2,5,3,2,3,2,5,5,5,5,5,40,26.7
102203716,5,4,5,5,3,5,3,4,5,0,5,2,41,27.3
102203721,0,0,0,0,0,0,0,0,0,0,0,0,0,0.0
102203724,5,5,4,5,2,5,5,4,4,5,4,2,42,28.0
102203748,5,2,5,4,2,4,4,4,5,5,5,2,41,27.3
102203751,5,3,4,4,4,4,4,2,5,4,5,3,39,26.0
102203775,5,1,0,5,3,5,5,4,5,4,4,4,41,27.3
102203779,2,0,0,5,4,4,3,5,4,5,5,5,40,26.7
102203781,5,2,0,5,3,5,4,4,4,5,5,5,42,28.0
102203794,5,4,4,4,3,0,4,4,5,5,5,5,41,27.3
102203803,4,4,5,5,4,4,0,4,5,4,5,5,41,27.3
102203811,5,4,5,3,3,4,4,4,5,4,5,3,40,26.7
102203814,5,3,4,0,3,5,3,5,5,5,5,5,42,28.0
102203836,5,4,5,4,2,5,3,5,5,5,4,5,43,28.7
102203837,5,3,5,4,2,5,5,5,5,5,4,5,44,29.3
102203839,5,3,4,0,3,5,4,4,5,5,4,5,41,27.3
102203844,5,3,4,5,3,3,0,3,5,5,4,5,39,26.0
102203845,5,4,4,4,5,5,5,4,5,5,5,5,44,29.3
102203850,5,5,4,3,3,5,0,4,5,5,5,0,41,27.3
102203868,0,3,5,4,3,2,3,4,5,5,5,5,39,26.0
102203878,5,3,4,5,3,2,1,4,4,5,3,5,38,25.3
102203879,5,3,3,5,2,3,4,5,4,0,0,5,37,24.7
102203880,5,5,5,5,3,4,0,4,0,5,5,4,42,28.0
102203885,5,3,0,5,4,3,2,5,0,0,3,5,35,23.3
102203900,0,4,5,5,3,4,4,4,5,5,5,5,42,28.0
102203909,5,4,5,4,3,4,3,5,5,5,0,4,41,27.3
102203910,5,4,4,4,3,5,5,4,3,5,0,5,41,27.3
102203918,0,5,5,5,4,0,5,3,0,5,5,5,42,28.0
102203958,5,4,5,4,4,4,5,5,5,5,5,5,44,29.3
102203960,5,1,4,4,5,4,0,3,5,0,5,4,39,26.0
102203968,5,5,3,5,2,4,3,3,0,5,4,5,39,26.0
102203973,0,3,3,2,1,4,4,1,0,0,4,1,23,15.3
102203976,5,0,0,0,0,0,0,0,0,0,5,0,10,6.7
102203981,0,4,5,5,3,1,2,4,4,0,5,0,33,22.0
102203984,5,4,4,5,4,4,5,4,4,4,4,5,40,26.7
102203997,4,3,5,4,3,4,4,3,5,5,4,5,40,26.7
102203998,0,4,5,5,4,0,3,3,5,5,4,5,40,26.7
102213001,5,4,4,4,4,4,3,5,0,4,0,5,39,26.0
102213005,5,2,3,5,3,5,4,5,5,5,0,5,42,28.0
102213006,4,4,5,5,3,4,3,4,5,5,4,5,41,27.3
102213009,5,3,4,5,2,4,5,5,5,5,0,5,43,28.7
102213013,0,3,3,4,2,5,1,3,5,5,4,5,37,24.7
102213014,0,0,0,5,4,0,2,3,5,5,4,3,31,20.7
102213015,0,4,5,4,2,5,5,3,5,5,5,4,42,28.0
102213017,4,3,4,4,2,5,4,5,5,5,5,5,42,28.0
102213018,5,0,4,5,5,4,4,4,5,5,5,5,43,28.7
102213019,4,4,5,5,3,5,3,4,5,5,5,5,43,28.7
102213026,5,4,4,4,4,5,0,5,0,5,4,0,40,26.7
102233001,5,3,4,5,2,5,4,4,5,5,5,5,43,28.7
102253002,5,3,4,5,1,5,0,5,5,5,5,5,44,29.3
102253006,0,4,3,5,0,4,2,5,5,5,4,5,40,26.7
102253007,4,3,5,5,4,4,2,4,5,5,4,5,41,27.3
102383032,5,4,0,5,4,4,0,4,0,5,4,0,35,23.3
102383036,5,3,4,3,4,0,3,5,5,5,5,5,41,27.3
102383039,5,3,5,4,2,0,1,4,5,5,4,3,38,25.3
102383049,4,4,5,5,4,5,3,4,5,5,4,3,41,27.3
102383059,2,2,4,5,5,0,5,4,5,5,5,2,40,26.7
102383062,5,4,0,5,3,4,0,3,4,5,4,5,39,26.0
102383067,5,2,3,4,3,5,2,5,0,5,5,5,40,26.7
102383071,5,3,5,4,3,3,4,5,4,5,5,5,42,28.0
102383081,5,3,3,0,4,0,0,5,0,5,5,3,33,22.0
102383083,0,0,3,0,5,0,4,0,0,4,5,3,24,16.0
